X1,X2,X3,X4,X5,X6,X7,X8,X9,X10,Y
0.2570146494039809,-0.7002453887730726,0.21131476273257377,-0.09859981926295402,0.18115388395809373,-0.7341958119653493,0.437589754556853,-0.2540653973671314,0.31386705137802173,-0.3922042048152441,2.7035292736908376
-0.7488874781137917,0.16248004216735112,0.3398477074122501,-0.24414969702382194,0.42348538769751953,0.03973571385579633,0.6046334082319107,0.3796855988173429,0.4712934978217018,0.4491011682831243,-8.410534829927657
0.5883132920675431,-0.176605417308082,-0.28476930242493226,0.9716079025007003,0.3270616641843018,0.5710243975606264,-0.8351387446013154,-0.961489702063385,-0.13392136668461174,0.10166393500733895,15.139450277094799
-0.8330344826209137,0.36093819197727406,-0.5927262012320071,0.04706359197037724,-0.025448503324494,-0.07542102841703713,-0.887767310110601,0.5759607432166265,-0.9482543998205435,-0.853901784554947,-48.20591826252465
0.08487509392238612,0.01749870650148977,-0.21463308269659365,-0.8301354896849902,0.1956976001161499,0.5661237310387912,-0.19152516322415614,-0.11280520924776583,-0.45407191771738753,0.5422722848031898,-50.9384844299239
0.5514928024597672,-0.5069690141167731,0.244999355108092,0.3688860954521631,0.8629650459096272,0.08767146730111364,-0.7344097100615581,0.4086255283118252,0.9920576866702142,0.33367930043611005,12.656763061411542
0.45750916224504423,0.8727386184539843,0.6293403522958665,-0.5694327950011062,0.47035751574224416,0.10901503244026856,0.17827858436381683,-0.27125138595259757,0.27330313595416356,0.5392399685405833,21.54268919266199
0.14085007068466648,0.8964660674559082,-0.0134943866267212,0.4644936708664382,0.36826707018713445,-0.48892635553235664,0.01896969381152358,-0.551698874458926,0.8476619619072909,-0.750856972343029,3.3692781351835075
0.503519191035176,0.7642604274749971,0.9537894767074988,0.7696985640118326,-0.17656161535301584,-0.9422757923942635,0.7038550153883858,-0.6587235872309194,0.18913613172832178,-0.5627796493187083,11.048904661159897
-0.21002532313406008,0.6909812535540221,-0.5236408909771297,-0.22820070532419146,0.6529494126241409,0.007027736347327895,-0.43684775525356767,0.6774958849237676,0.7988196877008544,0.4204480216442539,2.1335490378252677
0.6193032396923319,0.9919720932365541,-0.7831832350264263,0.6002708351347001,-0.39147742131076213,0.4353921946047097,-0.7146511031531384,-0.20349753810382465,-0.9874718447192645,-0.845161506852427,-9.000290640598537
-4.5714721327305696e-05,-0.6264037736284793,-0.11998058341723583,0.40110888236173436,0.441229990845579,0.4254923826306336,0.6316356526557116,0.0552225038339631,0.4041775351803989,0.19402754390368626,-2.0392974878999848
0.7792600553573299,0.4138739084320915,0.10282010697908706,0.050328190042053134,-0.5619651805916215,-0.6440175709454008,0.48960395735158424,0.5771797011625841,0.6419336663385482,-0.4043897838949744,-27.1276471899713
-0.4780516322026902,0.6925422397100267,0.5921814137773955,0.9726751129708251,-0.8472705100751685,0.28462226395169177,0.6931477390100103,-0.022042491315142243,-0.17755473744751615,-0.7566935980198435,10.979870063343594
0.4683696359274736,0.25583908342966266,-0.4089601679797974,-0.4262394276195167,-0.005532289886295505,0.2472380384959647,-0.7496319938065603,-0.06838651698315634,0.013629622028599186,0.526184979747248,6.206102063436815
-0.19508625615776465,-0.8180233397625543,-0.21823730511656558,0.5463626697083048,-0.6873079800606483,0.8745819991041979,-0.39687390425366953,-0.6265707412267174,-0.6955942265037371,-0.6450737162140543,-20.873133255880216
0.7648210324906717,-0.8549098797244554,0.8279916180246458,0.20158304913027747,0.12348853748672184,0.9663322363949671,0.7744781129127996,-0.5920611382389744,0.7146037138109513,-0.9759079440657881,35.45637223063501
-0.20199196417458154,-0.5157965436863794,0.7073009853744787,0.09017294667343245,-0.4133322679958962,0.7348291672315308,-0.04652909727970145,-0.18233339288072092,0.9272785018490555,0.33988981789803185,27.712583728319014
-0.39531132722103046,0.6253164350271752,-0.1584125943093102,-0.3216113076164424,0.20136190604514903,-0.17415645552501613,-0.02534954652678345,-0.07703405635502047,0.6349656004474888,-0.7931176309766435,6.6230798286673025
0.4673988376439906,-0.023539984978857786,0.026637837204817494,0.7593662143636282,-0.740943305689119,-0.4194506459517773,-0.3337021735500709,-0.322063030794038,0.2444926823574558,-0.302084417739404,9.680752132316892
-0.650894194821493,-0.4189447131775712,0.4017418135092332,-0.29211188812325073,-0.8770927004832061,-0.7127484750038957,0.36268607072103554,-0.05094219664978317,-0.840928053105858,-0.0614901047052534,-39.20941503254995
0.3826086144730041,0.6797826640640263,-0.21027146931468144,-0.18659166402998695,-0.7718673030730807,-0.53251767517094,-0.34061933347199314,-0.6602575750593023,0.350282135133406,0.29031950409844853,-20.512689732724247
0.6580785996496483,0.07783305005771601,-0.5348728075595643,0.8111627937266881,0.8570492566477683,0.7960618514541722,-0.1199795387130902,-0.9695870512644866,-0.9442974949047611,0.6757843487702191,-22.962380676010387
0.1008618391779097,-0.01687724587815076,-0.029158474198612838,-0.9406084319137302,0.1810626506513513,0.32599311770529993,-0.3331479268661084,-0.5775952550564396,-0.7466041232910463,-0.7026997722631061,1.1839943326034508
0.2166208803140528,0.6406645028779658,0.12507681356042788,0.4489054019009373,0.698684962238592,-0.9981576905407494,0.20040881817403045,-0.7778350128285301,0.037330673128091796,-0.42615228611995226,19.6006059728304
-0.7610883889905178,-0.5405705130013254,-0.6923642571423869,0.4084548699035737,0.9849515622768366,-0.17915002838959704,0.09747315427967806,0.9688746874438678,-0.8604908035424719,-0.09491916011533186,33.78327843702277
-0.015885211643331454,0.7419731177661519,-0.3734930709717237,-0.31228832981732224,-0.14007786626740248,0.2868733011362701,0.07110913751680936,0.832035617237032,-0.6085628030041539,0.6868233258518466,1.849021337332696
-0.9874315942399656,-0.7608775890896471,0.9226194896463293,-0.9225227126034079,0.8037106290704292,-0.04450613310998364,-0.9691183967460661,0.3562901687490738,0.942020761537008,0.523865349555624,-13.77477521381116
-0.08674408842434733,0.052740450340563516,-0.6383837918806685,0.7139257036905162,0.3685486272780625,-0.5963898290001186,0.5539465808321471,0.5675830670030557,0.4665159598064419,0.8985239646671428,25.3549861614262
0.41993301451145326,-0.7090832755076582,0.2238309076420597,0.3155859524719198,-0.7271802646367103,-0.4944033222930526,-0.791786707639172,0.3233569844881026,0.3665876006391051,0.006147500838405318,-2.6592436375779798
0.7578094174510939,0.728590524887406,-0.54954962929996,-0.5279946155737703,-0.09617334115490794,-0.14476423968306107,-0.353559099046165,0.2420499760780912,-0.806325162536369,-0.5128057869826954,-0.6774446268495615
0.7198177040543132,-0.5212692151926048,-0.1426591982175629,-0.8692134664635545,-0.9935089403546196,-0.8852080207057018,0.07924228042400827,0.18129993395930466,-0.062297242691497834,0.29789422571216684,29.64396039039395
0.7702659538456285,-0.7076044077890871,0.7129846428931956,-0.157012121314263,-0.5162554260578534,-0.3814421812917561,0.3493396695007591,-0.6942873833277907,0.017468536192334128,-0.2569814947190654,1.3097878973285795
0.33941836855456287,0.11988009774507691,-0.6575968468567674,-0.10418798264917606,0.1978690590513712,-0.023557081178967376,-0.03905277197824497,-0.9243693568337945,0.7582318364656264,0.7686748180755982,-9.321929883287154
0.49620729927037543,-0.8541884541003311,-0.774454622154592,-0.8490078105609704,0.4963653750392918,0.9415812838754269,-0.4203238035092909,-0.5467706356081763,-0.37793532636448135,0.5100181164544813,-4.6388531372237
-0.552719875046668,0.22189173315141364,-0.9946634265647878,0.8137452946722592,0.759115154528716,-0.2811389763100931,-0.8544215703791878,0.38759109320632645,-0.42723046078121407,-0.4435616202388579,8.747924865797756
0.22401079992381878,0.9900345740653942,-0.9616142560519292,-0.4527307632125379,-0.8987604634755755,0.15343982493898678,-0.5011496057467903,0.6999341849392355,0.028156830944764843,0.5196261922007677,-1.929041790671081
-0.7497520643216435,0.4278205637008523,-0.5909205924972782,0.39068836551588926,0.07019824388305351,-0.21088725615831017,0.7144517364162128,0.3048035685915531,0.13523141360952629,0.27146948053910136,0.2980038069963508
-0.641710211809684,-0.7309527993854661,-0.09364125654512456,0.8408270079997855,-0.1773293515908161,0.36492715315428526,0.011052618320833707,0.15223832755275413,-0.6003353211939311,0.20205726000562918,3.336261545908996
0.26316928774488546,0.10794699514594197,-0.3685497877947703,0.05737618379622256,-0.11205213910943246,0.19717449177509883,-0.8255049810441524,-0.9666159150492912,-0.27856859399099676,0.12069283281054144,0.47526639119545067
-0.7598212223511538,0.2762894480249505,-0.2476610225560758,0.19800452946428715,0.5989571294068097,-0.7048296948027273,0.6227197613579463,0.5342984163539373,0.6887850940602831,0.7226171267223973,-11.085171718931102
-0.2658943200544013,0.19808390006992815,0.7062460211850992,0.45734037881840117,0.5729496567755445,-0.8979603345336513,0.9509344514450988,0.5557693329869642,-0.7391315316337779,-0.24713341378323173,11.649791954547045
-0.8482292032799661,0.008699128381383758,-0.4596212352564304,-0.9787266963534564,-0.3861318790024273,0.45257713321829285,-0.9797867129967521,0.6356083241852093,-0.23058772467936106,0.6703935098010572,-29.640218931453624
0.24809465140957787,0.5544393780169996,0.32988573133537735,-0.545176610296437,-0.9729176437746212,-0.785837494727684,0.15885360345681243,-0.5512458946648608,0.2911652804908289,0.2830090042884741,31.82902355651781
0.7262606347445963,0.32565312279255765,-0.24572733246261658,-0.072194710667848,0.2231805487792966,0.03682488133154194,0.840864051910537,-0.335964715768426,0.41843025596350936,-0.9624515930492086,-18.687762837044158
-0.7597494414120369,-0.38094648966920075,-0.9982392255564736,-0.5961121856850313,-0.10213936271372082,0.2559524700105069,0.20919636020165444,0.18033387952976687,0.710641090361976,-0.2832965253216848,-7.33519357733504
0.5245574763953107,-0.8946630936664977,-0.614608384759423,0.12026089584645505,0.2248055108809326,-0.668555119681054,0.8643902817468119,-0.19371452321309968,-0.5403148581226014,-0.05529596089507116,-7.482072732285285
-0.9287873321455826,-0.24109624163677745,-0.8827189920085374,-0.40693178125520024,0.8663281442860735,-0.3652081771228264,0.9576095296403138,0.33949180359381326,-0.2650264221171008,-0.34732865649207945,-18.481600435034537
-0.14139923067570348,-0.3452113215111161,-0.8633010774635148,0.8911997926622319,0.05722784640369416,-0.734390934946547,-0.42284990147353163,-0.7780802326323617,0.6611854817677376,0.8970901649687819,26.096592866273625
-0.5005174642377015,-0.08025804031235917,-0.668367704334859,0.0017235811289810776,-0.8356456967964747,0.4819655284301072,-0.1363303570067138,-0.03656484753917555,0.8470698484109334,0.4222227305468125,21.864575345952602
-0.7979768741109898,0.08515146635056303,-0.4336082985373666,-0.2912751064257486,-0.35934292056001094,0.15575055366968082,-0.0955812432547829,0.8998455777037051,0.7640859305987642,-0.9532062697564851,-10.24997769432708
-0.09977001103189109,0.814005582679703,0.2677212572729042,0.1350267346911611,-0.3597083635647931,0.5531541764644663,0.4230974544481976,-0.4301748868343678,-0.3723590531216878,-0.0392729651184176,2.0576642030221053
0.9977770303958573,0.22523383763699112,-0.2380354474131936,-0.3361658198339774,-0.970963663751192,-0.45918281902934743,-0.11072727230400048,0.1362916838379109,0.32616421045852895,0.3491407575586227,6.342418078742034
0.7042162110741417,0.3416842992921898,0.07015039078172158,-0.8570676997653257,-0.7564793707771529,0.8071666688496115,0.31039626584492863,-0.45650987118317765,0.0590964298332064,-0.689381615986683,8.978859855090136
0.7307082902849364,0.4299796684214816,-0.5015996864917847,0.22256291583230992,0.3907596483750979,0.8892783017479216,-0.9358052214252821,0.39565016122053986,-0.5488025529636902,-0.895365146375495,-26.258997268975936
0.7236951724269216,0.09971030435090755,0.232716211267318,0.16822684083708173,-0.6094236713292183,-0.12979516148297998,0.5588917385235763,0.9947083866827287,-0.6784477535829303,0.8109289935127213,-9.649763658121955
-0.030251980756174968,0.6024935018443538,-0.010549692026984747,0.02717972043570671,0.6301695869417594,-0.6471605864725742,0.18284407067187347,0.1428966702386678,0.2426383972171926,0.0657981308965856,-11.87275209077763
-0.19591770874311654,0.763564465657911,0.723197189056296,0.8122794246234175,-0.7347880406460627,0.6559593693910981,-0.2037362333297288,0.8341389960959322,-0.6998570244331674,-0.9701490994692885,18.39531478731985
0.8281539014355184,-0.45328006950654864,-0.8078695389769266,0.10152738822110496,0.4551767778508753,0.6746374496947307,-0.9957663730543098,0.8189699170719655,-0.9740951410435974,0.8679253775005562,21.63185478652791
-0.7783371508516757,-0.5750576282212967,-0.46833259510731184,0.16930545740309544,-0.39500992032847937,-0.4778008655230612,-0.9575598481394818,-0.49584172776478064,-0.2363730004730571,0.19740993347799263,-104.57469335869538
-0.5705225698815979,0.9331124945762195,0.2896871407677215,-0.30077385479991525,0.2696071104129669,-0.24356498814056726,0.7401373503656092,-0.08658001117090275,-0.9393544265710618,0.6898720221310446,36.44908505465443
-0.7186742145385268,-0.09807203872063952,-0.5580416019845442,-0.10538517069751774,-0.607384248365221,-0.847513215494613,0.0554618156971638,-0.6700233408435308,-0.13859119099501438,0.20234232693538878,-30.292180860449122
0.8474936817918242,-0.5404061106616094,-0.872848425300031,0.05197186062424142,0.19924278218225489,-0.003310074724403478,0.012368347845039596,0.18587695108394553,-0.016764885425792242,0.07655313827574783,21.949092034957353
0.4596334543978746,0.8698829616428139,0.422251096103768,0.8663809934813953,-0.30985179535328955,-0.9921219297092934,-0.7515889674416558,0.39310232935822764,-0.5394463914859855,0.9000747449353037,49.76404327393572
0.8532522330719663,-0.23057356776103344,-0.907335611482867,0.5500506633794608,0.7895769417094092,0.7726668451139189,0.6856204605931469,0.19551349631414006,-0.816810864751605,0.31520138561531796,-12.606511360645671
0.048433179895788214,0.22673583343243497,-0.4788152412140865,-0.7026273767313755,-0.5905492486357353,-0.8433175406895066,0.9238875853829838,-0.04911332389590273,0.8771878299992846,-0.1595780412444674,-34.059622344402996
0.9311332655368785,-0.9601189817038447,-0.825341261786803,-0.22404092209385573,-0.9072339037425312,0.72496396211188,-0.3794060126864449,-0.9131056247357328,0.009472884511478208,-0.1325116811590581,-13.449394822703136
0.538613716149245,0.19027976377739475,-0.13950749481817737,0.4707225863285667,0.6516224053982491,0.05899114839336561,0.07662585862392723,0.32604519987808644,0.40822415672897505,0.9211259729813257,20.297522322989135
0.6941691138765358,-0.12584702749801924,0.5484327889475185,-0.42694131123309664,-0.6497199287012105,-0.9403992089321935,-0.9600206261797863,0.05070057801448491,-0.9890085522332572,0.09392607220984561,-26.73243894957513
0.33019592239256923,0.7885689702812413,0.18150690144200898,0.9748029588368889,-0.7854308881912759,0.643193467435947,-0.8783589508760596,0.7558090855138839,0.4369299199916967,0.864413928541742,36.95891734974571
0.19499205542678788,-0.8979439949128549,-0.35110815702302633,-0.36508137317149836,0.9835174847469645,0.5331441009017384,-0.3666036213205204,0.43996030875295156,0.36338355274593237,0.539818180330623,-11.833361699967803
-0.5934750017446104,-0.49326560441237555,0.25303563363224746,-0.9123085546552137,0.5695382268616493,-0.9352719030540229,-0.9499226775649812,0.8164480979471522,0.7083402370275935,0.6240193284147251,6.569108694138052
0.8692901220669522,-0.9228288344538687,-0.9513358822573372,-0.574425414869421,-0.2327457573989662,0.72776436943471,0.1554121196115883,0.3956468894939835,0.047999847691238884,0.2159712600353183,12.70131754693365
0.8686039855566978,-0.6001821150424596,-0.2388866071517981,0.18259078788174077,-0.2091040872515295,-0.15691673653786964,0.6371391595046119,-0.4780436870976923,0.3420691690607691,0.9073929667497194,-0.8373814660740588
0.5531668645214616,0.8629123016167131,-0.2173523235517143,0.37757625412623685,0.7240385855018563,0.7583062085194476,0.23321951623485226,-0.5474178405231993,-0.8864237124035705,-0.9855922939387509,-4.906197516580675
0.7926619829574761,-0.8146859506708826,0.18954298389117175,0.8758653523841078,-0.2984651222632564,-0.025849407829503734,-0.5477679178701751,-0.8702135867450835,0.524329759949786,-0.4880962220627778,-20.76908617122376
0.6764553812558791,-0.5809856097975845,-0.32743174024605715,-0.9663839526311062,-0.19623564645211755,0.9834041133648699,0.056725195755001234,-0.00812488977600756,0.15668733241703148,0.016822025842496036,-24.257784373254342
-0.0034312639995994765,-0.3927722226882251,-0.7848300097102088,-0.6153256458254199,-0.08838496586560218,-0.40965598346358134,0.1222003772928888,-0.21453946029123028,-0.6081644318596797,0.7231138645641215,-7.313151525056147
0.15300909604867274,-0.9518173927652991,0.9251673182581739,0.6266163431338394,-0.7125660725262088,-0.64262765635466,-0.07090369807058727,-0.3546689331240098,0.9757596925418339,-0.7420035406924395,14.243625244908388
0.17518596970408917,-0.21658082160370462,0.6192610989998744,0.456426025372076,-0.7851475934562524,0.8992741058226303,0.7415158661118688,0.32275876292522,-0.696383667262362,-0.5723408318970544,-4.373587553349951
-0.26180541269466806,0.360919040695006,-0.8839595466711998,0.09247135818981467,0.967966575189644,-0.13936509122769025,0.5243226700097801,0.3636446906284887,0.38587272854154686,-0.9486095130311998,12.035354494235298
0.8149007293973842,0.8685076850384397,-0.9503566861266881,0.36152576748981824,0.4256580359313167,0.5958407701109321,-0.9807523994716418,-0.4091334960234627,0.6093672983674194,0.4439013019918252,1.8020216776152536
0.7550550944519432,0.25802127931658103,-0.512492718501766,0.06479240275976128,0.7992772486659503,-0.29309014743702555,0.9354836806706646,0.13085087803143391,-0.7748216530862027,-0.13004834933645837,-17.8948853305557
-0.7041004949708072,0.6910322518287937,-0.23036596644997887,0.5918462674403,-0.9460846037656321,0.14404980910151055,0.8926106995728871,0.9258151687082243,0.6752801642519675,-0.2001897282612064,32.03833301532194
0.88857965351294,0.8383212228087615,-0.44265752686266335,-0.24342227356599144,0.282427044586546,0.7078272995674819,-0.3888804455093855,-0.7170112369528812,0.9834830300406783,0.2632761467856948,-5.20172785956413
-0.5278086611084936,-0.009362476241872475,-0.7125901619380901,-0.3731114553514956,0.22266073754180482,0.6973390200122029,-0.34026170647897946,0.5060461048802725,0.92725634074542,-0.4150803257115827,-11.888283508604928
0.5021227212604915,0.15890497954653804,0.9215050597146661,0.5144514362109887,-0.21140925984043313,-0.1128121620098328,-0.17875190706944966,0.0589506355022571,0.765316597455437,-0.233350795886196,-6.906133185161245
-0.008032032377607523,-0.34594035418726055,0.3483906011416045,-0.6061563280775912,0.34254413451937604,-0.9823221100254416,-0.7158544793568675,0.4920251287186308,0.7726525233410697,0.001879745968618396,0.6404355417404577
-0.9144514496162812,-0.35427922864520456,0.3359580515844316,-0.1734740961049932,0.24177948370829028,0.436726419990211,0.1188774479068957,0.7583828746335977,0.6771466013222645,0.9564470422676727,5.1722935855283785
0.43577189261812554,0.42545688471773424,-0.7515103406016359,0.23371197196693272,0.9280883820417078,-0.8271376245479745,0.6460135472039759,-0.046118014539210606,0.058507346385777925,0.3695147135268402,-19.3253311363239
-0.607272291579469,0.3931962990701705,-0.9102654565317561,0.839510605660122,0.2582936586666591,0.9796810646990972,-0.21642475167229103,0.7238897743063599,-0.9714544374704985,-0.8325097872042952,-8.437269555232723
0.3048525204209769,0.16875245241436865,0.9274334049618751,-0.38231534596278705,-0.8189239015979322,-0.48524057982250035,-0.44800619990709567,-0.7561950497517151,0.5472219624426775,0.21691130615084742,31.250208047906348
0.047002257047474405,-0.4018618078938385,0.7265749510456854,0.03124881822400849,0.11077256606530805,0.3295465388167744,0.10536829680170556,0.8952445162468252,0.8634443116453083,0.3119414150404405,5.475693165319019
0.367779281792904,0.4377656839752504,-0.34428465582735135,0.9147555318095639,0.5532229891583771,-0.11096446691169959,-0.8814451221662973,-0.3269511474480815,0.37567652406864993,0.964477874619587,-6.6442575404295265
0.7628370027233318,0.8640172628321972,0.23496181970690322,-0.639382046273852,0.030716444112112162,-0.5056072447541979,-0.09796998965300152,-0.16649271005282773,0.30263249736938325,0.6826502051957986,-15.640309617775046
0.9391976568751672,0.4896109546986174,0.7751295267950595,-0.9522431714502757,0.10210547537276105,0.15327185256402553,-0.3521003349482055,0.5831252128238533,-0.8865300517796908,0.6366608872571446,3.9876779842162127
0.9496889664502812,0.5878693258088745,-0.46868627170595323,-0.8420555283235087,0.5779646227586683,0.3632850247314128,-0.22901496710094982,0.472778800313173,0.867203510221229,-0.8592400492153518,20.078032692100823
-0.5480186602620565,-0.44962856441272914,0.5249697162726981,-0.0534188126639632,0.29681153680539696,-0.6327266746338434,0.36301620852149696,0.5227832925382943,0.63333908237113,-0.745603185303771,-5.301458930839146
-0.8041885538054174,0.2827450070363986,-0.2660407941223344,-0.35181543537214166,0.9421612593547051,0.6461197580033085,0.14457882480538142,0.9245566998344821,-0.884882771678368,0.5352653564982566,-4.991638584073227
0.7726434430065516,-0.4598405097474141,-0.8283653598416436,0.6027992278370489,0.5713687628082937,-0.5399834003906201,0.0018227732793503204,-0.4584403688685419,0.037750081705056004,-0.8546307608090777,-44.727911823614505
0.6429699476374817,0.822004405811319,0.5553780589125723,-0.7757514335969609,-0.5025129781316497,-0.8420307279850843,-0.7066708811178273,-0.19612404612357892,-0.24852760910779148,0.7866042891448628,-10.02042788838633
-0.7508862947398716,-0.7652217342115688,0.7521392733168184,-0.22880272653858125,0.17067973416862836,0.1413308339445014,-0.07791841738759375,-0.34894232544183756,0.7234327881498381,0.32135844397949764,26.39305862059677
0.06384396686002125,0.1512302070970133,0.2938246811370091,0.13535129438220972,0.7607184900049115,-0.1711088027444152,-0.7645790458741981,-0.1245844893416872,0.07371026706786599,0.11992889992024347,1.093204867914876
0.8830334434112619,-0.6782632800315231,0.38659802621845096,0.09678746734179122,-0.3933827645803618,0.6778945998079631,0.4947754656586256,0.3598090546342527,-0.7880781289081558,-0.16051690849099942,-38.513642511338944
-0.923452724522305,0.26961428299160994,-0.30590549258486166,-0.4630663104560364,0.8704896452076276,-0.13035433666536478,-0.07211541234252916,0.3541915106486333,0.1802153167462981,-0.8323368056122187,18.125420114572858
-0.9363219977758774,-0.7831107275420073,0.9820156897651235,0.5998782930214348,0.7412808103241377,0.18707934709880747,-0.6356751042456319,0.8228203665691176,-0.2582867328456815,-0.16999627520044314,-8.326432501338534
0.4921315663363426,-0.18636936802951398,-0.95693979140327,-0.15431457690294192,-0.3973119146398725,-0.45019732169776594,-0.9244019155945677,0.3702661013951105,-0.4226888918828273,0.9257908644792352,-12.749968683541683
0.222713852150072,0.017204593481465302,-0.489860655527109,-0.9637065972617378,-0.02902588247945137,0.635352067223558,0.41705009905756096,-0.2993967170265879,-0.9800448487119584,-0.05689441077399482,14.773638465328531
0.09301260505908227,0.5389924923999525,-0.391480076046838,-0.3187671408240633,0.3948364240479598,0.09162604323427748,0.36777273516037745,0.9918385281395836,-0.23488184734820594,-0.1506174425432194,14.3777656788751
-0.5886399513586809,0.07792913984283545,0.8774849975456405,0.4450561527840873,-0.9214631545043386,-0.26228906730346724,0.4518065506274611,0.2452117578973918,-0.9768364773718388,0.8676143164023908,-2.7667603593361956
0.7316240214150485,0.04917293006957779,0.25828654774120285,-0.6526227320322071,0.5061083957940196,0.6216073854995816,0.4618510979618009,0.4549224241588181,-0.9857204124889758,0.022040197248639037,-2.633548432049791
0.5419400824646576,-0.7309896628855079,-0.3776267329068892,0.11082320930679779,-0.5995931689325971,0.039559149230942836,-0.02315617082103505,0.16328069039795157,-0.028643238866115084,0.48096485284086543,31.26854417997557
0.3986113569758001,0.9013491481475056,-0.3901972713098021,0.3950323011449439,-0.1524260568456175,-0.6035880149339907,-0.6005888308246807,0.9899609391631088,-0.5949780534719269,-0.899169329373267,-29.493062938358246
-0.22693882547609867,-0.04347818035098516,0.4294642988107924,-0.047849484758549776,0.7999395870999575,0.8438706327643275,0.4227176300452662,0.6671892582951575,-0.3479408987288428,0.8433823629785617,-4.395764599983387
0.9597055201830249,-0.9666402455381735,-0.3216428102500335,-0.6036537216168005,-0.9279547333425209,-0.6523298957273538,0.7983637428113153,0.7253228103896341,0.21194905821188015,0.16156381486976756,12.931983951750585
-0.1145550283018908,-0.459577116341074,0.7400180638740512,0.49855397877949037,-0.7068666814030029,-0.5612006688825908,-0.27449349349226826,0.6397194560431245,-0.706580288673835,0.22573465691777672,-7.4467953814767425
0.007366824141078254,0.7385489839700006,-0.23638987172478676,0.20041888259170904,0.744266940173288,0.9517767599071543,-0.7971009481674636,0.4504693809506808,-0.651044076230568,0.029320429908443524,20.669488568806937
-0.8706969242178062,-0.6559874088930575,-0.6928594863982751,-0.16579768075791845,-0.06986753724715689,-0.6435419297694969,0.19132598607687656,-0.1804719782363693,0.413112990249104,-0.3535269061653943,-51.57500854391127
0.43297212555474385,0.12971954470146674,-0.16432271464100556,-0.08899387931944647,-0.02798286494051294,0.38012884583443873,0.21990188636139685,-0.9981687841747495,0.5591790725955885,-0.7407955751458175,-27.12135598584578
0.8815140224911497,0.4409664979387069,-0.6077661242209671,0.8633365139633964,0.9900975240034682,-0.3953319930425143,0.5075499704350062,0.7152596800529127,0.7043202090680536,0.6238114184135766,69.86084778948663
0.9491258566270899,0.544172096577533,0.7082735213860014,-0.5970446523387078,-0.7989576404793042,0.21021790171141852,0.6425102059667869,-0.4127482989818172,-0.9485203792019166,-0.0559914192398574,0.08798093734790619
-0.42094730944024183,0.17388264686034338,0.8346896306446687,-0.04696975597394526,-0.57118054262141,-0.08466099329909937,-0.9851453319991708,-0.189291555577225,-0.2078580395245635,-0.7635122730969346,-34.21035724720409
0.10000629079173673,0.3367989330826717,-0.5655678341032249,-0.3251332956164239,0.2980550914686446,-0.9772926228057288,-0.3652443455622285,0.19149362074071918,0.14814825658134145,-0.11442144813096045,23.491950395562274
-0.44655422983352167,-0.8015681613145051,0.7974873512489347,-0.2643966648138707,-0.4698657308537524,-0.7962672439027798,-0.2576377215188477,-0.13212619366863287,0.6184371387074645,0.11693949139260917,-22.44108330603093
-0.25696818507193186,-0.526470604487224,0.8467217083802236,0.22865561796577527,0.905512781609817,0.14747013749842952,-0.6908680598849415,0.6078775007009631,0.8070136824693976,-0.1965869190118965,16.974529433470206
0.9022860010937919,-0.31072306639022296,0.3326550588882138,0.41448888671774897,-0.3176466152517232,0.9171844284105877,0.5704409524149996,0.9151632309126201,-0.18454922173803467,-0.8837424341375755,0.8680519754621905
0.31925353841409687,-0.14753109564885758,-0.3401634652592542,0.9563403916411946,-0.1816878993576989,-0.7033460558461047,-0.9568112839928817,0.02544644321383971,-0.8283393191620061,0.9784365706606912,-0.19183051737171708
-0.6433908644268358,0.13748527243104713,0.6431210437065114,-0.49664478488037944,0.6572518422889222,0.6617840460266036,-0.7707376070680525,-0.6298858386991495,0.9333626448387016,-0.8566297156572957,-32.884273505877744
-0.5709587668527538,-0.8553893327828002,0.8098156153944307,0.6839167396100714,-0.3706136190122853,0.6170525427238998,0.39734962711864386,0.26101819362647083,-0.7319041829453503,0.09049670466208704,21.72716942139012
0.1769121380605423,-0.6095130066306251,0.7568803564702351,-0.802569564166064,-0.018079132470732562,-0.006259471537690908,-0.7537959018235934,0.009350486985922668,-0.39716564467112336,-0.6361599571067729,-11.951775442004415
0.030022679351977555,-0.7215952093370672,0.31406348117369376,0.4655109303574816,0.08087849687202464,0.6592515704096769,0.026463136427308243,-0.2601310450866927,0.9534324286289784,-0.39048366562912173,1.1762603711750728
-0.1192953759549138,-0.17708339839470155,-0.7231984367898021,-0.3904144544888224,0.5273404575224179,-0.9184321949988525,-0.2684847679150819,-0.8718143226791613,0.6990065556859157,0.9524704515166602,-14.342796341304032
0.3575537229024839,0.9654500096906449,0.6613968586815762,0.9528363147428198,-0.4263247584644969,0.7606838708230441,0.5233049690412757,0.3180157548514173,0.076702001619525,0.8828589448226272,131.22301593525967
-0.36823458084438054,0.6966598766834959,-0.3231577941731092,-0.08722561264235407,-0.24894264912032216,0.32307614037615284,-0.739346647793387,0.9321664603776534,0.48906279641353345,-0.7651715950972025,0.6839969823817155
0.5922902936446672,-0.7409831350704941,0.562031090326107,-0.19213804800621892,0.3908774868173901,0.6768774963785265,0.5624933509479197,-0.8725500926532639,0.08324992812251875,0.252548343241362,-8.527539432991588
-0.21839192824211362,-0.01776226040567197,-0.2239275556422109,-0.3752905609116237,-0.20024198952428485,-0.7598028817625968,-0.5716303163461061,0.13132653318778043,0.7468461067695147,-0.4169411440327071,8.65211648864124
-0.8642869893004999,-0.17343189405616632,0.02261121969963842,0.7406343228037495,-0.7314480515612383,0.2776030899025983,-0.4425244856970645,-0.36090606208921705,-0.6975654340071697,0.83319147827566,9.754944722046531
0.032608388812723765,-0.7438445344153537,0.7461495630263362,-0.23306871218682823,-0.9978610104030994,0.9496471731173319,-0.012301902833197431,0.0036645085642854625,-0.47684038683216445,-0.4864463433142463,19.81123486164657
-0.4034167713217385,-0.3560418666001661,-0.5475910621706543,-0.8524935547239885,-0.18042092810618682,0.5865430672016987,-0.9002122600022067,0.8182244242366641,0.11294587799857991,-0.5851729188353119,9.053520205381021
-0.037176787726014515,0.6875976929890035,-0.7166174450834937,-0.2918792428169841,0.2624524591735311,0.585078560273737,-0.6558314454713665,0.43065744399202677,-0.9233830003696426,0.47569652359853465,13.969876785172385
0.8737531774542386,0.3361991459696725,-0.20132320408674942,0.20079555555349016,0.8597206179449017,0.634623204322029,0.5299904384678991,0.36448058696482954,0.3747633513366131,-0.5831971106014435,51.76637728963935
0.8904722604722457,-0.47735194928434277,-0.0998703925992519,-0.6503593550226552,0.03432858946726958,-0.7013726828481519,-0.008787033257050547,0.7229508960404862,0.9002861485708702,0.8125275265107004,22.68634865145195
-0.5265598365192403,0.5125933718560174,-0.11808862486490734,0.3282288104030624,0.009011883011515787,0.4838377021760867,0.5568773262403632,0.3942687902180593,-0.8625257959847554,0.8741496456088744,24.897305088795882
-0.9329475507100395,0.6542325367865502,0.8933975966365495,0.05899733639108051,-0.793401814887225,0.4952685344031138,0.5367794955144065,0.28475017294170457,-0.23824309319553238,-0.5816795930990384,-10.67179460620588
-0.6798139063182869,-0.8809621160045826,-0.8767703479113673,0.8922678217838966,-0.636314732077004,0.29354819881378713,-0.11649444001662079,0.5689754569835046,-0.4511452547923607,-0.4025180198560574,9.608450211027177
-0.7669249601931369,0.6528251258396198,-0.8292779867123528,0.9784323205622745,-0.4379311349676904,0.10213045146961974,0.19180732895087194,-0.8036994318826467,-0.8363116652099261,0.8888330699203371,-42.08934436655557
-0.4783690609502449,0.4954295254262422,0.792558347792897,-0.9589074926436549,0.07837993617716621,-0.5044819810428669,0.013622759095709425,0.13664920355081533,0.401824090171766,-0.014187116578341152,19.279579389841878
0.4114967249850372,-0.6512900286973746,-0.5978553228449512,-0.9432598902369578,0.4062784553275911,0.18444203127637504,0.20928030662591546,-0.9058031086373537,-0.4657927642902575,-0.4392383133382043,-38.37344152569456
-0.3086230712499005,0.2797531551818009,0.7797824624217009,-0.6531103506725906,-0.9734849241212915,0.47517845712610507,0.4865589758053279,-0.9769485605762787,-0.8587977307342147,-0.26662610281773436,-3.870668516258873
0.9981651434005709,0.34679794849948276,-0.20175518841584528,-0.3451533767363635,0.8782149967198745,0.8030707368706378,-0.08034347740819836,-0.583952230494629,0.05450792794233128,-0.9638024284393201,-40.96199033364175
-0.001555130218469758,0.6007706971817675,0.023428502057273093,0.2340708485823273,-0.1543318433705092,0.985092169053644,0.695202630599868,-0.1538023980799197,-0.4739174114848277,-0.2832425336425659,-2.5586814077119957
0.8293674791094467,0.35416402895585963,0.829313057227282,-0.2281816124783036,0.8361137374552712,-0.9080951358649456,0.7592388918918027,-0.05740983374981501,0.2031272670301203,0.008828519335475349,16.577955895423766
-0.2970853531763815,-0.013440210515691442,-0.965034489671317,-0.5807989603271475,-0.31500021955205226,-0.5821245240903807,-0.5593628223169786,-0.5353970014621474,0.9592940138536006,-0.6313547027100579,-60.151392433292685
0.8407688158419373,-0.38029362288075963,-0.5992756097018355,0.06668040346290316,0.3988049618074212,-0.5607558753424091,-0.5525466538351684,-0.9739649316322034,0.2659870340949444,0.0758187240303072,-2.004508546877832
-0.15585419963634384,0.9418636420547415,-0.09173099813641028,-0.310102389891761,-0.7611821123822979,0.9890543121851989,0.7587722729110375,0.5428738931462851,-0.5097403444044994,0.6456857415651311,-30.698345609973433
-0.10954332079850371,-0.7243905316879309,-0.5293266402942485,-0.6801197448896914,0.21314394859211339,-0.7040197237201355,0.39337056856137154,0.37771831593785943,-0.7408860762798015,-0.02053898600517856,-20.736457643074917
0.3784448393002473,0.9933424523004668,0.19259162872091196,-0.08080603320111068,-0.7215694626311973,-0.8375350549750464,-0.36797636448177085,0.38420209495788904,0.8775593286817838,-0.43016210681631084,-11.715891046400575
-0.9847840050055112,0.1265999736612824,-0.25798003457038,0.970304486956425,-0.2221702197090818,-0.04228044147472354,0.5114494270458105,0.32111198507660244,0.8189105963697716,-0.02706113222020967,10.464470850148842
0.18945215194632148,-0.21323676183809726,0.8453733169000361,0.9527336107476543,0.3021412187866057,0.9004887468678373,-0.18048019022278128,-0.5338220806007492,0.6080113964291589,-0.8110683603816391,4.782947469954575
0.6118930127936482,-0.3762645013555095,-0.8327019793029062,-0.020615273275770507,-0.9842689844191077,0.17550062451407222,-0.9014398924250093,-0.832236964857423,0.01319575558534325,0.8628272134715746,-30.12403550983418
0.3139986784395723,0.43831445355815446,0.6740274136497395,0.33423708951513986,-0.2589935949548048,-0.4916547025898408,-0.31272739546387185,0.9846361586145189,-0.6791169351534949,0.21293248513263197,3.8612040810970027
-0.628872032090876,0.833338161610953,-0.28239911862430733,-0.2280532941020097,-0.2776254374701297,0.27745366510897207,-0.8101303209135298,-0.3339629881469599,0.7144735500794612,-0.5463836468735619,29.145305380426237
-0.8369271381974803,0.9021591529811572,-0.06867526878018815,0.5015769598278963,-0.5492348505502298,-0.5417179482986119,0.9225102586760112,-0.7033416615628647,0.6916964259987397,0.8171481661812217,25.80681901014235
0.5349876763464079,-0.7440583827725797,-0.4790966145321509,0.5336950489681815,0.9465967881999384,0.5174244737415237,0.7521378949974495,0.2132905878605098,0.4890759972847418,-0.6253193675765889,5.02135007338334
-0.07348227417144515,-0.08360147442250088,0.3267604766486436,0.26712718802126023,0.6888384185583067,0.9803346767298058,-0.15968776364225512,0.7945812142892288,0.21734372458910123,-0.38301113046753277,10.290018312099857
0.25299949532895116,-0.021968538869429954,0.9108605021915506,0.8282099412188448,-0.9530955176239915,0.8070961996372319,0.7526878444442313,-0.4192797534796633,-0.2672865446690784,-0.3287421498817038,-7.530478390677232
-0.7828048144612447,-0.8239963527145808,0.12473160343465772,0.8842917927839242,0.10018535848430687,0.9674428959682315,0.7280648636632525,0.722730895340884,-0.7045255715943304,0.052913908081243965,5.08330729485615
0.013088078024970251,-0.3555011872345999,0.3076020660202985,-0.29545260164139275,-0.590450877153085,-0.6975481182888819,0.7854090276062893,0.3881642699322727,0.7960448470069854,0.04297699248827769,-46.98345641879481
0.6628505854118143,0.6307657398867808,0.37131189591791713,0.515766850943195,-0.2754827863910785,-0.08128038553403494,-0.2556780576209208,-0.11516129390591923,-0.22990790216308588,-0.7101596874184379,-19.081193371049608
0.007769890029498905,0.6832222870134363,-0.47353683916616873,-0.22881576772666956,-0.19481699930801089,0.7774657884334528,0.8815727775689886,0.6045408356118984,-0.9513840645793943,0.5789859717217081,-0.6139808462835932
0.21245506090258348,0.24962744215518473,-0.4882698430151249,0.030938102792907873,0.3863523775073634,-0.7390804161825177,0.32095692036626167,-0.7616811750632166,-0.9288933589458725,-0.027905071711679552,-2.7263655382734813
-0.894729155779588,0.9427240082044586,-0.737686875566258,-0.6447982896836244,0.2935041286400424,-0.3028269952986149,-0.24812082166083926,0.19141342567759922,-0.9048213270515673,0.7326168795450878,-11.092846391072056
0.08405194866920196,-0.5090203741198978,0.08621161442128566,0.19469763482301206,0.7962180379982358,-0.5671840778783828,0.27711006383682446,-0.2917852573066051,0.9293038824415139,-0.16730807767310196,-11.886263236195706
-0.16015401953907915,-0.7450333449817101,0.28830946552708836,-0.21476724326101126,-0.08923954524055344,0.4710824487810288,0.2427175056063835,0.3772000948048029,-0.7845438008711141,-0.30890424577612974,10.975189773608072
0.15084129456966688,-0.2875760491594914,0.9930331368571594,0.8834037612743526,0.3809272174614269,0.8824403806818995,-0.5182532955176793,-0.7455806005107675,-0.8783580874577037,-0.1703835084040941,-5.854907611006425
-0.2890127251114798,-0.5611962359013623,0.6560529303172329,0.10125742636844048,-0.32640486423104176,0.7990967575149592,-0.028540589984038522,-0.2632472723789776,0.8575069350946714,-0.6103895691804033,9.849723759626492
0.6106859243642899,0.9095210420758837,-0.24927192707070311,0.8850454851663303,-0.3054935399610259,0.7310748513841574,-0.28080511435337696,-0.23738661044612575,-0.1469103159385805,-0.7700848842178194,-65.94970342876043
-0.8448988156477655,0.17709302190553466,-0.9470825700460701,-0.7069624842680022,-0.8203538129906305,0.9709811941990587,-0.6832711811786358,0.6308840800176401,-0.0358716357343003,-0.0195681266235761,3.997087924083143
0.6981937075395308,0.3879388326510347,-0.4706865529366837,0.18963496316945117,-0.30745672451503014,-0.4934678881509962,-0.5371715159832533,-0.6175591791647734,0.41537162549468065,0.44647628348749,11.467007283847135
0.6135451342134277,-0.8121435702138649,0.931065641756391,0.5759739604227563,0.4293276888182205,-0.7922058643145147,-0.7014495704112922,0.05591837351485962,-0.3610362193072496,0.758964287932336,-27.98212320455258
-0.38142140442633754,-0.7150340395960562,0.8802646574534183,-0.026546396211513112,0.37198774876297414,-0.08309415948431464,-0.471217415683552,0.4011650844950372,-0.7163266716611962,-0.941399925730287,-31.892084348734937
0.33394283337872244,-0.9829805606711908,0.6162603449631985,-0.6733146131026555,0.004164791936938972,-0.2414470737265646,-0.1928993015216416,0.11472300315066608,-0.4702165563276528,0.27083298784112153,-35.97264997042514
-0.6514963218728838,-0.7793434860529165,-0.8914202684040484,0.48452251818984116,0.4925510260352335,0.8177359423483199,-0.016269458546799953,-0.6210769185471479,-0.4280374367010773,-0.023450626754808468,16.581424212663073
-0.670625326516191,0.2582563732176213,-0.9497256118965067,0.15910126206179198,-0.41482223113109673,0.49261609002529605,-0.2105777067891932,-0.3569343921633108,-0.3251174155637957,-0.8649845153854865,-22.89325174448352
0.8796311914846677,0.6460671762250285,0.5305332856284952,0.8342153266446151,-0.16479598799872086,-0.8148452133017394,0.2852161814764771,0.5353171537347343,0.3216767614734475,-0.37591426991946997,39.39400013925309
0.41074689707323486,-0.4480943035054583,0.5633599894168899,-0.974877521245024,-0.4747102180262821,0.9222364654989583,-0.520679172572805,0.8333256732442302,-0.2291699581888047,-0.46968743342653907,-3.4452188028783968
0.8289446618841831,0.8598596946920045,0.4216539526264613,0.36479934037553186,0.9491244415793618,0.4406899799439308,0.9584994760578407,-0.6465348670871696,0.6262862424947735,0.06938152711906342,110.74497048976644
-0.5988187970934085,0.49878873470990404,-0.06868241566678135,-0.319143840350562,0.4293678986314049,-0.44650835905258934,0.36735250697217614,-0.9272111546509627,0.16090458861612045,0.2821362979168365,10.15713785911773
-0.7381014697883905,-0.14439341702900688,0.20657721242592242,0.7785726306072531,0.02044777014328436,0.9726740184764169,0.7712527952481709,-0.469387895711185,-0.30546831400761,0.7611452858163643,-13.162880490870474
0.7634460893412096,0.09443557784339451,0.4914768313626836,-0.6842995710849473,0.4148084714921405,-0.9709191110574193,0.18360474621585787,-0.8365371195786162,0.43714176064181043,-0.0123852836625864,-3.990292251846301
0.7077058935110392,-0.11343250559118179,-0.5064065437626968,0.1324148691081306,-0.23411262167448066,0.9363350781643962,-0.7990177646881382,0.6992410186808953,-0.9321914048825906,-0.6109076700256064,3.2365121693616636
-0.6551252559349465,0.3815597192996587,-0.940830774177766,0.7626833721878394,-0.7275410467812904,-0.6312720755399197,-0.44825281775863757,-0.2920354097642661,0.04222667326275631,0.7892819593740894,12.225332891969437
-0.0184050306671113,0.0009063754915137334,-0.10876999949029842,-0.9373264173522384,-0.23909461799963583,-0.9892235005691417,0.772308466045357,-0.2559265919641651,-0.5117910231492524,0.5740505113361036,-5.108459242046852
-0.349100567405376,-0.5926662079512772,-0.7000813047625101,0.3663628905256875,-0.9501896381065549,-0.9759436498503304,-0.19767816222011336,0.6339432569022949,-0.8556074616773279,-0.03596843579501874,-7.456785796866981
0.8639604721361664,-0.48574861054932517,-0.5123672218695241,0.9432597801875331,-0.9072896624991391,0.7344378580103312,-0.6407486260974797,0.5571968875416566,-0.20543896878072876,-0.05949456090303351,-2.0121323019567696
0.15183763158016927,0.6446530570594848,0.6876632209085063,0.19870568680061806,-0.7945442869674002,0.26757318350992465,0.20315949560803803,0.7611782709398018,0.7395825589224341,0.6668204940777429,30.392167313838243
0.9552302378670396,-0.2942613918571917,0.6885773356789913,-0.6369878216128069,0.6637439900873072,-0.36969001291173353,-0.2918087690505744,0.4234024586810168,-0.8619682714548824,0.9823390570523676,34.878565922582254
-0.12774162804458555,0.3858905218881976,-0.646613584500731,-0.48234529668273063,0.051195786410364263,0.07168629490509759,0.3192819279171213,0.9074043235197644,0.5821879191175758,0.7661025444251717,-8.838244428699856
-0.7659764199577306,0.16298287908727072,0.5547787916083444,-0.5550586861811977,0.4142734332256788,0.26439491680265115,-0.6471325747864549,0.7551812036913215,0.7694828999339889,0.2110956946893734,-26.631456535602332
0.011879762870856014,-0.9065070808698459,-0.10366878611847596,0.8664170247547358,0.7017452507382937,0.48236961426392644,0.4663632683469585,-0.871504623108611,-0.2867341323169037,0.27519946492899283,-38.78775277253957
-0.6623203116559837,-0.18635962283206942,-0.00940979307092249,0.4748266174566351,-0.4568715483400594,0.10407391809844024,-0.6388913746138074,-0.35461685779460406,-0.7578660188663628,0.5296042360529811,-23.1457650274854
0.02880270287355402,0.993193601824141,0.04906847535569736,0.4041815115625689,0.7612972604632766,0.7866767793529907,0.06746008926459424,0.4431210190599939,0.43950399224911263,0.34379020876586974,53.41397258182604
-0.8758687858904193,-0.20435341531902163,0.885350261660578,-0.07014606986924998,-0.47589028147202583,0.04252419899825921,-0.4161993380292759,0.5166359789915043,0.9455379528893404,0.9409234653354279,22.79745265844833
0.3931828796534311,0.13437058625830067,-0.5779024244034603,-0.7014080861770202,0.1255249160790981,0.5636860994525015,-0.760325877392029,0.6476230311093156,0.8999053488955626,-0.002144201475937857,7.885073117012177
0.3505328453984138,-0.9564365150196599,-0.5304654687771606,-0.9818913705546082,-0.6156409626278432,0.8714936131341202,0.17473382001748217,-0.27363275269177945,0.18456459508637635,-0.9953672099818214,7.918070975211332
0.6564261515886174,-0.9050465637349532,-0.28546989470640627,-0.29372538457925956,-0.8736042281275878,0.5161533418179891,0.07097476007048398,-0.6136912355649218,-0.4238260357052426,-0.29805915826508556,25.32487496530922
-0.4152454547598057,-0.265918807165344,-0.7144133122221465,-0.9502056709317552,-0.0033412345338887928,-0.661136487492638,-0.9555582146241492,-0.9712018073326854,-0.9546416856087829,0.16461147328151893,-214.54396935975475
0.2005876889273983,-0.5871851931723318,-0.7575243086903716,0.7725887993352216,0.2972476119042309,0.5505333868287654,0.5770306472181157,0.4824750591360374,-0.19881469167003796,-0.45597797842597143,-71.3739176975596
0.6529569169424438,0.683278953437273,-0.35396707316751375,-0.44908553893221126,0.6631235813113734,-0.7354532201235477,-0.29883953833941934,0.827678541613668,0.12298575730186512,0.7554648485427726,23.86467499263095
0.5501192852719032,0.35450098308170475,-0.799266576545151,0.6686081391282435,0.060128591234216655,-0.707411326526098,-0.5820996813639281,0.8200822659102627,0.7215552813917088,0.11739320329599434,-24.70442592714298
0.9468711595413972,-0.5367888324194761,0.6364972720678872,-0.8168486146859386,-0.5161276819312364,0.30280136286545556,-0.344708750009425,-0.8017620846137423,0.7913854448778088,0.6955252418584055,-9.399176011234362
-0.261987418916124,0.0289532180380081,-0.9932259634753675,-0.5702133555132101,0.9593746637178766,-0.49997511327116073,0.9597069848743358,0.5345777129914486,0.6473839152535745,0.46665745384942503,5.671646092825144
-0.7562218571717889,-0.633488624207103,0.3921698600814558,0.9982468899582646,-0.35932836956001646,0.5474610395427215,0.251488052421466,0.4188839544337002,-0.013841347369677015,0.4372783722294793,-20.55769217967121
0.10131734211449306,0.6498896099678664,0.7907850820165805,-0.6452956861124222,-0.021542813694639174,-0.15750065722176165,0.3765877375052651,0.1321418975385884,0.8867061170950028,0.7853943619414527,52.95779507710296
-0.38214824781748313,-0.26651015108828213,-0.7676352749929669,0.49148125876852666,-0.663691692386503,-0.09621715826509036,0.46913580409218825,0.07059481882166119,-0.9938817868479999,-0.8918076308855716,18.70753999638915
0.29631091206898463,-0.9562365306415881,0.16785793129032722,-0.2018056557236696,-0.3466744992210671,0.9658799140131067,-0.5759526735195482,-0.9347872552034875,0.330413162079892,-0.17932912329025608,-17.166095203165778
-0.8712060082879816,-0.03791534361473059,0.41972226769755827,0.9379929313215962,-0.7749297773720774,-0.4586190516749995,-0.7318465008610764,-0.08688196555979721,0.6949692886985939,-0.6111741074547903,9.58952947776706
0.771592787669716,-0.6258201716264311,-0.9217449085149174,-0.3617791723259931,-0.17500146974389308,0.22321425804631878,-0.7343340530031566,0.033324041559969375,0.8798154548190582,0.6729494008489334,-9.239749264697883
-0.39457618909024883,0.6857487751329061,-0.14180644800266928,-0.3030966739574412,0.6489913032217063,-0.036105360217770555,-0.1281450133225881,-0.1741196527461446,0.6603585845739792,0.2720119975319202,-12.180753951341366
0.755736468661234,0.26803364009131525,0.8771989925627148,-0.4631457960346861,0.31772617202080156,-0.5509134231660826,-0.7760919289146786,-0.3639041304096444,-0.30142931748266344,0.2883434220190355,1.8549154110009571
0.44375416515881283,0.04195590721266407,-0.45497237082236874,-0.5010989747901093,0.26433260536244285,0.07785463789210567,-0.636655396489316,0.8255515557018092,-0.22733537396676406,-0.7507446149032992,-22.31441910828374
0.5475091476892009,-0.6980026102020211,0.2693034813068398,-0.6203411198883557,0.8279996702365409,0.7685148220111777,-0.40379164525724476,0.9431491239993306,0.08841785991320172,-0.0614909532798662,-1.2760722393744732
0.41084628428677106,0.6663770658438923,-0.23874899215328482,-0.36251235971838125,0.5942688278993926,-0.10649345285547418,0.7457787324191205,0.5082985903223542,-0.0791456042767893,0.687641741664655,60.846419306252855
0.8087992707780303,-0.5496574299388699,0.5040226186294701,-0.452457524502341,-0.8696947074606607,-0.9872849237924175,-0.5804695096409491,-0.36993090347710056,0.29510502933760696,-0.5498279094656697,-43.21526550399072
-0.7934729339406508,0.646104003250672,0.8107453997185343,0.3154501174468678,0.30032407698775,-0.8763606885753534,-0.16793453411846615,-0.7689990616868154,-0.4507578712298126,0.4082811982763608,23.011626255646878
0.17562032708036468,-0.3399365005464998,0.908545018542837,0.029627709167191707,-0.246446348246661,0.7432182299896282,-0.005210392157099397,-0.268008824444129,0.38338883894184606,0.291700021178839,1.8327635997278358
-0.8626523067662337,-0.5167978501674968,0.521702962401912,-0.8270797960618825,-0.700452099265557,-0.5432080902301037,0.18254265324982,-0.23905132114283378,0.00015026014261732001,0.7977079871557,-18.43974565692906
0.8464928051419329,0.4905142447040123,-0.9808154756975669,0.8297475496757369,0.805463643980505,-0.8641318329471157,0.08084303699058104,-0.6839563927312504,0.8191672460950437,0.7286019004972191,-23.495136742173784
0.5269182202128719,-0.2205240515952691,0.7005070836650091,0.877944073843494,-0.2573901454525802,0.007710361390234732,0.40329748516674946,0.8366683787498221,0.4593568739181917,-0.14846606416384933,49.53715600992932
-0.8785114906524261,-0.4323641304243844,0.21859740158341912,-0.5732992214836921,0.44295912645166546,-0.2944668291952619,-0.7741190973494065,0.23119402560430524,0.9843004351490912,0.9697114674209404,38.73509413139896
-0.47084435655970025,-0.5592154460200822,-0.3244240176008861,0.6643206261199215,0.5542550428090247,-0.7306556125418506,0.16708514310412115,-0.7436518132132386,-0.3699056535457419,0.8432521248231726,18.231319268470898
-0.7731214402916335,-0.9573099578768576,0.327899444944471,0.21267398531807014,0.019032043544664923,0.6631531276910185,0.446193557955217,-0.07145737084178383,-0.5364064151092185,-0.7425636039774932,-19.43657481488557
-0.1174471857988002,0.29845671415944985,-0.7211113767502955,0.3471405832502723,0.13597968691174422,-0.01119203475452446,-0.09012679165594628,-0.30052623382211463,-0.6246190456320868,-0.7514404120510481,14.516146324472894
0.3545498360616697,0.2614203744981569,-0.03505968929972836,0.6890062374399863,0.3576698722249785,-0.44278869014153854,-0.417217509407241,-0.13063484791741864,-0.6480489346720206,0.17618558751986813,-7.488633930279739
0.9569201593788434,-0.6716146963353904,0.48238180304407674,-0.45665388903858917,-0.8598175771482162,0.8036210663851726,-0.41035555726488493,-0.26130318403230524,-0.6082764978483157,-0.2601406161837341,-48.335096373465845
0.31238973144746573,-0.8625636182919814,-0.8928253229983372,0.09337063578131422,-0.1071483870478458,0.8743831690793151,-0.6890872776117345,0.44461842649575845,-0.6957419339437094,0.2801421065138414,16.29934022157737
0.8782903157454334,0.7031089233836436,0.6080484476592365,0.7113087862473064,-0.5973031695265179,-0.276401540291511,-0.30349871012898944,-0.12948410551510858,-0.13673239599364329,0.2714745360135662,48.23658104956615
-0.5531513086219415,0.1784722089632036,-0.6610229865647184,-0.8703395203795417,0.7134315082627698,0.25915375057675893,-0.6839783148121887,0.9251254619293487,-0.6015343253479823,-0.46169195861707313,9.673240698531513
0.31409998302182474,-0.6852711653793861,0.6523980084895946,-0.9547946198851267,0.7316690554416603,-0.2708218832029834,0.20585073700419332,0.618401484521379,0.4907185501643885,0.544826361321322,3.0045547604650578
0.20708233946276677,-0.2776929453190855,0.15540995886793363,0.5136621545033411,-0.5790574410097828,0.41504335750973476,0.120337566854128,0.7563399076882171,0.7144467170964581,0.800981026640653,76.30645705462035
0.44350899600695537,-0.36264965312034314,-0.20442651746766094,-0.8364686664869738,0.7868579876644726,0.8312424481296579,-0.44606957093104005,-0.8751597782760998,-0.18272511244521517,0.6607747057255862,13.948723859808068
0.259574537611696,-0.9517828099446344,-0.9472059542129208,0.22556117084699379,-0.5189971889741698,-0.2724190082997895,0.0888956953514588,0.1856730161724136,0.39381594776299256,-0.717855690478846,20.94007159842107
0.14220018302842297,0.01740247660994343,0.6057643879842944,-0.9246390614004172,-0.88440865070387,-0.385139613501156,-0.41571569127660557,0.32782497710743885,0.7959229226828994,-0.373703353141287,-16.82191489909341
0.7730577242325396,0.37547249511089276,-0.8809958500910091,0.925136445651727,-0.5094686187583792,-0.9941143502224017,-0.8010336013676838,-0.7556919871289467,-0.10586274712628563,-0.9999632712390087,-11.871820025506299
-0.7451433657539883,-0.954798843721699,-0.4888243380545312,0.9747480437353317,-0.5324355211938465,-0.7204248222019054,-0.3751941738680675,-0.8097446732920408,-0.8295563830989185,-0.2922177069837313,-52.855612544920554
-0.34536678256755904,-0.5401094200283054,-0.38418536610355947,-0.8044009658756552,-0.6854051647319044,0.28890936713644777,0.7722619112347648,-0.6791212879310167,0.2352040373687656,0.9807562502548517,9.496879177117238
0.35384487018337585,0.16518014560045113,0.869690167165075,0.7370274441828097,0.5335221037323459,0.8270795978595453,-0.8568183402964948,0.6111517269441606,-0.8653744664978835,0.09814094518521133,-21.663552547307887
-0.0034619533072908215,0.059714851451926565,0.6673739569136765,0.8909581246761411,-0.7764201831957904,0.9329796215372554,-0.5720374514964226,-0.3015706145060939,-0.7570930825185029,-0.3147102728500264,11.69828283417935
0.2141210187526188,-0.036380805334567334,0.24264821180893836,0.9806310446446707,-0.09399355633132789,0.791298289102301,0.23419240455859391,-0.026574245031598442,-0.4631134056758859,0.9521704588654973,35.727688926490835
0.8685775509782983,0.5910694344355647,0.9540103523129706,0.37808693037986374,-0.6985443070902637,0.28008953962139294,-0.5054193267637306,-0.7655509929302422,-0.5505682150509548,0.4203805437268877,-22.119105530746225
